R. Jackson,B. Brown,B. Griffin,R. Bullock,A. Drummond,26
J. Calderón,B. Brown,B. Griffin,R. Bullock,A. Drummond,5
J. Calderón,L. Galloway,B. Griffin,R. Bullock,A. Drummond,3
J. Calderón,L. Galloway,S. Johnson,R. Bullock,A. Drummond,2
J. Calderón,L. Galloway,S. Johnson,L. Kennard,A. Drummond,0
J. Calderón,L. Galloway,L. Kennard,Z. Pachulia,S. Johnson,7
B. Griffin,R. Jackson,L. Kennard,Z. Pachulia,S. Johnson,2
B. Griffin,R. Jackson,L. Kennard,Z. Pachulia,S. Johnson,2
B. Griffin,R. Jackson,L. Kennard,Z. Pachulia,S. Johnson,2
B. Griffin,R. Jackson,R. Bullock,A. Drummond,S. Johnson,0
B. Griffin,R. Jackson,R. Bullock,A. Drummond,S. Johnson,6
B. Griffin,R. Jackson,R. Bullock,A. Drummond,K. Thomas,8
B. Griffin,B. Brown,R. Bullock,A. Drummond,K. Thomas,0
B. Brown,B. Griffin,R. Bullock,R. Jackson,A. Drummond,7
B. Brown,B. Griffin,R. Bullock,R. Jackson,A. Drummond,3
B. Brown,B. Griffin,R. Bullock,R. Jackson,A. Drummond,1
L. Galloway,S. Johnson,R. Bullock,R. Jackson,A. Drummond,0
L. Galloway,S. Johnson,J. Calderón,L. Kennard,A. Drummond,4
L. Galloway,S. Johnson,J. Calderón,L. Kennard,A. Drummond,0
J. Calderón,L. Kennard,Z. Pachulia,B. Griffin,S. Johnson,7
J. Calderón,L. Kennard,Z. Pachulia,B. Griffin,S. Johnson,0
R. Bullock,R. Jackson,Z. Pachulia,B. Griffin,S. Johnson,5
R. Bullock,R. Jackson,Z. Pachulia,B. Griffin,S. Johnson,0
R. Bullock,R. Jackson,A. Drummond,B. Griffin,S. Johnson,5
R. Bullock,R. Jackson,A. Drummond,B. Griffin,S. Johnson,10
