H. Diallo,P. George,J. Grant,N. Noel,R. Westbrook,17
H. Diallo,P. George,J. Grant,N. Noel,R. Westbrook,4
A. Nader,D. Schröder,J. Grant,N. Noel,R. Westbrook,0
A. Nader,D. Schröder,P. Patterson,N. Noel,R. Westbrook,4
A. Nader,D. Schröder,P. Patterson,J. Grant,R. Westbrook,4
A. Nader,D. Schröder,P. Patterson,J. Grant,P. George,0
A. Nader,D. Schröder,J. Grant,P. Patterson,P. George,13
Á. Abrines,R. Westbrook,J. Grant,P. Patterson,P. George,4
Á. Abrines,R. Westbrook,N. Noel,P. Patterson,P. George,2
Á. Abrines,R. Westbrook,N. Noel,P. Patterson,P. George,2
Á. Abrines,R. Westbrook,N. Noel,J. Grant,P. George,5
Á. Abrines,R. Westbrook,N. Noel,J. Grant,P. George,6
D. Schröder,R. Westbrook,N. Noel,J. Grant,P. George,0
P. George,N. Noel,H. Diallo,R. Westbrook,J. Grant,22
P. Patterson,D. Schröder,H. Diallo,R. Westbrook,J. Grant,0
P. Patterson,D. Schröder,A. Nader,R. Westbrook,J. Grant,1
P. Patterson,D. Schröder,A. Nader,R. Westbrook,J. Grant,2
P. Patterson,D. Schröder,A. Nader,P. George,J. Grant,0
A. Nader,P. George,P. Patterson,N. Noel,D. Schröder,7
H. Diallo,P. George,P. Patterson,N. Noel,D. Schröder,4
H. Diallo,J. Grant,R. Westbrook,N. Noel,D. Schröder,4
H. Diallo,J. Grant,R. Westbrook,N. Noel,D. Schröder,5
P. George,J. Grant,R. Westbrook,N. Noel,D. Schröder,6
P. George,J. Grant,R. Westbrook,A. Nader,D. Schröder,4
P. George,J. Grant,R. Westbrook,N. Noel,D. Schröder,10
